9.212957498361332709e-01,5.891079006731956280e-01,-4.860274138412794542e-01
7.801711245662200644e-01,1.465745977135501921e-01,-1.539556778510605406e-01
7.280905089831455346e-01,5.765144737671152875e-01,-8.993487801334697496e-01
6.451743075128302252e-03,7.606003940526884222e-01,-7.321910465073462326e-01
4.206731747082772532e-01,1.763011957252937911e-01,5.565554966570229745e-01
5.157286667767246868e-02,5.112052476886908003e-02,4.090260535986062207e-02
9.464681112153274789e-01,1.489204431953129459e-01,2.379259260268706266e-01
7.193300590581521714e-01,4.344657391960633497e-01,-1.060122095358478900e-02
5.451071274542702572e-01,2.362546273577369460e-01,4.839522236067728134e-01
3.200017953921285851e-01,9.090592859478484611e-01,-8.979767683683864687e-02
1.083080259975293114e-01,4.814887480557203947e-01,6.669503301355979019e-01
4.538298090316780220e-01,8.576378463577326583e-01,-4.551564483554196294e-02
3.882121437048420276e-01,3.692153676325372613e-01,9.259381428405826231e-01
5.780096724651544449e-01,7.285609347743797759e-01,-5.401729832076982429e-01
6.430933462470080908e-01,1.668286500088848046e-01,2.129652499119458198e-01
2.607553918564170514e-01,2.562531824733379482e-01,1.161165539067618102e+00
3.450639667827308799e-01,6.479133031703547818e-01,2.675919476331055091e-01
4.175362068847224828e-01,3.165537437398613374e-02,3.988487471471648949e-01
7.193661677791995945e-02,4.189532334809143999e-01,7.314777532692955386e-01
8.301036875625905642e-01,7.342336159592720568e-01,-1.225068046481524009e+00
9.173520879135402817e-01,1.703582848605127431e-01,-9.538586023397405134e-02
3.842334364201255292e-01,9.816480341220085171e-01,4.355636202585587702e-01
2.709396243901859291e-01,7.784653092770882354e-01,-2.825570644915733065e-01
3.286205498720321527e-01,9.166698231558015886e-01,4.317295001012857458e-01
2.582184199007635517e-01,2.070734952142494478e-03,5.247489328554423293e-01
9.144392785943278312e-01,8.705271595768542259e-01,-5.190185177463564337e-01
5.829665801337047260e-01,8.501612040175570151e-01,-6.683771608170725465e-01
2.955912399637581345e-01,3.110012846079743820e-01,8.944691551298301624e-01
4.617669781462414580e-01,5.227183781126544249e-01,4.741284261708560155e-02
6.568908422729480279e-01,6.764990362981265770e-01,-9.534992496616385704e-01
3.113788092539676589e-01,2.411855475423753115e-01,7.152625737810989204e-01
3.561534086084648942e-01,9.837903433800857522e-01,4.444757676631027610e-01
3.422760000121447543e-01,4.678226707078469992e-02,6.707707849702411185e-01
3.263895332287500839e-01,1.204343493650694707e-02,6.350342197158289625e-01
5.157888815682754036e-01,5.726040434579670046e-01,-4.628821066513516547e-01
7.833613052934206289e-01,4.457772297658360028e-01,-3.882798975568657052e-01
2.717732266890585668e-01,6.452754646066559685e-01,4.147299912199986505e-02
9.672654594725474952e-01,7.788911673290871418e-01,-4.248787827266869432e-01
2.866748449045543046e-01,4.772824249544587172e-01,4.726394990815256936e-01
5.184207534533487038e-01,9.609097278246495621e-01,-7.584082121815227673e-02
1.781450892586019519e-01,3.162538077127096114e-01,9.132120058905914828e-01
6.411488680830694786e-01,3.538036098195463941e-01,8.148554482557801570e-02
1.932052437151982049e-01,2.973002298420447387e-01,1.011681653047076690e+00
7.595981619230320891e-01,8.519146531329065963e-01,-7.417533463462037124e-01
4.425844546732337070e-01,7.522815682480827881e-01,-2.562735545715394414e-01
5.689577509777600239e-01,1.773079835303799090e-01,7.729007125812045742e-02
2.926349480972126882e-01,1.859734922026068382e-02,6.309946083158561869e-01
1.761345254059161203e-01,3.824299899092902244e-01,9.565624583869237751e-01
3.088567661504511008e-01,4.044293778023998476e-01,1.042472721712728534e+00
4.586639450655471961e-02,7.725317799044933986e-01,-4.171621349492984354e-01
4.836733614515200674e-01,4.206853087076950493e-01,3.969501417785635811e-01
1.818874359244624372e-01,1.999424909401221750e-01,7.355867100930457703e-01
7.214032077674231713e-01,4.306258407393445120e-01,-3.438292330101760941e-01
5.533253010361101065e-01,4.308371204947070154e-02,4.302721370137840839e-02
5.610200551460942098e-01,3.827958945590518303e-01,2.193609449378122189e-01
4.045582031115295685e-01,9.276578969016107123e-01,1.723598088035217524e-01
7.822394985962298763e-01,6.055674628809125659e-01,-6.900486688445256478e-01
4.784347238213412234e-01,4.760901083619878404e-01,3.797293015242735881e-01
8.162786146206724158e-01,2.468249613945174836e-01,3.133798787454366575e-01
2.970998830623251541e-01,1.744586588784682313e-01,8.322472585441992310e-01
4.856887244479681787e-01,2.859441542352988419e-01,3.448813521324706199e-01
1.050752482401950960e-01,3.310409179613587050e-01,5.216381036926396320e-01
7.977305130082148477e-01,4.053198658917488428e-01,-1.451182583859351172e-01
4.911801866403003869e-01,1.452609298416197570e-01,1.621269500682204767e-01
8.457542567105316156e-01,9.257189742861637871e-01,-4.963669243009452559e-01
3.528136381710624825e-01,4.531277419590962197e-01,7.057079488996820249e-01
9.542753397228191936e-01,6.347463373001694942e-01,-3.638238150092691914e-01
7.203231413637458669e-01,1.540398705185501704e-01,1.174089005659991192e-01
6.612507877137766554e-01,3.231716915983874339e-01,2.639897225566155137e-01
2.971233301533454663e-01,9.528890784527126456e-01,1.368512124883679848e-01
2.911222715242732795e-01,4.998673113480930352e-01,5.039751051750737121e-01
4.502054853175888605e-01,7.500673499023502444e-01,-5.006875521169199539e-01
1.051873445045993227e-01,2.518272596016306597e-01,8.567763441508220446e-01
7.718438004347378811e-01,7.587941465765306592e-01,-1.254815616065682482e+00
1.617322381762529293e-01,8.224203265036282851e-01,-3.273345577938291395e-03
6.046165104584221295e-01,1.289023339131789569e-01,1.008656171707315585e-01
1.952973184383999250e-01,2.681870429257231514e-01,1.168320279747620649e+00
4.291616822185368996e-01,9.555974407528998738e-01,4.467309059257809634e-02
4.462225781230618749e-01,2.826340337402796221e-01,6.814176921204508908e-01
8.744048117115031937e-01,1.870476177856135180e-01,8.607465029355282349e-02
5.503893046758012719e-01,9.854647688599190714e-01,-2.161650742315854301e-02
7.698376205990781207e-01,7.879466243458820296e-01,-1.002837163327658709e+00
9.046446236360280446e-01,2.657654937252101890e-01,3.024571524884110407e-01
4.690121466995836874e-01,3.581154739576923873e-01,7.756667983274598832e-01
1.102615352314201269e-01,8.029918586261104441e-01,-2.890666706247776441e-01
6.180935249177705870e-01,3.622952445568401458e-01,3.287229702742176518e-01
2.482148716481140660e-01,8.582874491608051271e-01,-9.026490287625577036e-02
1.149625802042686384e-02,2.848665360343481945e-01,5.790701502999964223e-01
5.743674240826986965e-01,7.833911884797716274e-01,-8.468820557282294992e-01
4.718850708524890969e-02,7.835935081488513143e-01,-8.968009438582563719e-02
8.796400502117500686e-01,5.457078917052392564e-01,-3.909184669350419528e-01
3.508377489756747680e-01,1.408528241837861961e-01,9.755209239035598223e-01
1.706683070582172279e-01,5.393840732640639013e-01,3.308958882639784216e-01
8.849419410769499006e-02,7.087354840928596911e-01,-4.590939620333095439e-01
7.642130200336949564e-01,1.392467520936763181e-01,-3.087283989611046553e-01
2.505120429323191011e-01,2.745337577310223987e-01,1.029724400958187625e+00
4.998587330823424102e-01,6.588634158766326632e-01,-4.030740270505600020e-01
5.799181087958017455e-01,2.716076801062162760e-01,2.074045457349560362e-01
6.270390051283933897e-01,4.854571231168914869e-01,-5.858786870383405621e-01
4.894938172368330509e-01,9.773063741354536260e-01,-2.840494197499316975e-01
4.342705739197679771e-01,1.006768500725683246e-01,3.375399948061738598e-01
2.555789164374672184e-01,3.295049412282595735e-01,1.081315171711418444e+00
7.719405198071127572e-04,5.618883849925956353e-01,-4.470835014128149432e-05
2.084354583495450219e-01,8.593076193995397016e-01,1.545563824194891023e-01
3.801293875550564305e-01,6.947735420849143750e-01,-2.512405816447264018e-01
6.322463154782322903e-01,2.699781612011337151e-01,1.766691833467523565e-02
3.520051344576048402e-01,6.507515384092332766e-02,5.439554605397322051e-01
9.027231884819999497e-01,9.444519698362605631e-01,-2.975650321021817146e-01
1.734639646062839935e-01,4.396712340183281942e-01,7.344350644817949636e-01
7.867797718020331788e-01,7.372569438644266393e-01,-7.320004188716022764e-01
9.283755121549365219e-01,7.672788193261506073e-01,-9.479229406475550013e-01
9.422209179043955496e-01,5.892450387810469481e-01,-5.764040871813314038e-01
9.539910091602967768e-01,1.978349353536710264e-01,5.170048787122796252e-01
9.947099607101279606e-01,6.587582907831288637e-01,-6.941389659767420728e-01
4.903626844026803822e-01,5.579993336467103937e-02,1.111806884977367127e-01
8.563656442798248669e-01,1.660467479816954972e-01,-1.044277550003272492e-01
3.093701387119860424e-01,8.084982172243195819e-01,-1.118508040133618930e-01
1.191263583131281223e-01,7.703647209896393733e-01,-3.691747351702832081e-01
7.030483776231861714e-01,5.327175748273027533e-02,-3.810086330770129370e-02
3.808107739869055486e-01,7.000944074186863375e-01,1.364092847473407644e-01
5.393039983965020046e-02,1.171255704839880840e-01,5.404194260163994734e-01
1.416566047260214845e-01,3.715567770226697597e-01,4.786554179642526496e-01
6.990811530751968039e-01,9.614011230857355539e-01,-3.198074329020141326e-01
8.664777155452279001e-01,7.045486578245748754e-01,-9.592756914273968816e-01
2.095955178077367753e-01,8.664357771815527354e-01,-1.038210896487569146e-01
9.373093964221013152e-02,8.422222048806411454e-01,-2.211997282425335054e-01
4.229573547807153888e-01,8.679567726109971293e-01,-4.218989878653400805e-02
2.010435826884585664e-01,5.675642715691554541e-01,4.536330523343817811e-02
7.419534292662171016e-01,1.377172327914480965e-01,-1.618530771938060941e-01
6.551756769562547822e-01,9.383426397593264134e-02,1.433190548597872427e-01
5.443028355916244010e-01,5.847095926295782231e-01,-5.606310709036435025e-01
8.634904218495649264e-01,9.900643736736866041e-01,-1.137516347380622683e-01
6.769851170392598982e-01,4.142159679768366853e-01,-3.090311834556264126e-01
5.153144710401146300e-01,8.385196650281184771e-01,-4.414082349454482856e-01
3.462586193636052467e-02,9.570882675779206483e-01,1.068130947095690397e-01
3.960270235100737946e-02,2.187668287910966569e-01,3.734968245831260525e-01
4.771100541968360531e-01,7.209249338200476309e-01,-5.451447064215305671e-01
2.356209962758948340e-02,4.763517301061253040e-01,-1.103333875462966795e-01
1.177564134980976229e-01,1.787206218641897992e-01,8.608996090296205939e-01
6.299991753276230622e-01,5.809742707233949144e-01,-8.118573451271584585e-01
4.561088230129526355e-01,3.789789341376230691e-01,2.146539329512179295e-01
7.018794885228650804e-01,2.929330591146493967e-01,1.872447976502051858e-01
8.839667044101096050e-02,5.420278314140754006e-01,2.411132381295500449e-01
6.905428157816122514e-01,5.807423488924721156e-01,-5.530682403396649516e-01
5.738024727082240428e-01,2.288064949881231103e-01,3.841722343397145911e-01
7.637029705472518915e-01,8.887964145077524858e-01,-6.665040014833768511e-01
5.642574737064320889e-02,7.932264157273827276e-02,2.148684728929051158e-01
9.249655706961914525e-01,2.035863656462832960e-02,-3.908455385906745572e-01
1.367371001462297508e-01,5.699791137087132364e-01,1.697162250741326983e-02
6.370873057159665009e-03,1.871721335367517725e-01,4.290797899560750972e-01
3.961956665538782785e-01,6.117251638404930247e-01,-1.230821021370565871e-01
6.084207772356592381e-01,2.923758850586130054e-01,3.906117880402236175e-01
4.259827970361840244e-02,6.347861081543580974e-01,-4.053272416506859543e-01
2.981257320000796351e-02,4.567616430037022557e-01,4.075376755607202361e-01
9.834275648453754126e-01,2.436652033027473241e-01,4.790758794310059354e-01
8.647987194329515015e-01,4.052912452146176792e-01,-2.008048387098940735e-01
3.104207007332745460e-01,1.408142147093309759e-01,6.743059865706115819e-01
2.369488360733515986e-01,2.562905555010943637e-01,1.057738071961529247e+00
2.870479594782726629e-02,8.998324109573123675e-01,7.992893223815911163e-02
7.047598011503930504e-01,7.715145228531237187e-01,-1.117945758316443605e+00
6.766159073892823450e-01,6.304886332027481721e-01,-6.984767166212539902e-01
9.353861145885452588e-01,1.929781254440379179e-01,2.492709976362830759e-02
2.608590694374390839e-01,5.721810742355292190e-01,7.264585407453971744e-02
4.108900455257828987e-01,8.119431698033997558e-01,-4.663095009566481375e-01
8.944061232569597841e-01,8.832738028590571000e-01,-3.621711110715084003e-01
5.410386767217878479e-02,6.313760399571537452e-01,-3.580308235189207378e-01
2.207930441435960178e-01,1.207700491254416475e-01,8.489446086401226665e-01
8.813638476949714473e-02,8.322677438184096221e-01,-1.103007975972924437e-01
1.372984762041186135e-01,9.857826574141737019e-02,8.679713819035834721e-01
5.945663691291042108e-01,9.694991972887617715e-01,-5.186375182468017098e-01
3.408654131033056478e-01,3.571609186956172799e-01,8.945801749460464691e-01
3.130817546186044353e-01,5.526640199062545777e-01,5.127789108581490285e-02
1.346875958744375712e-01,1.538218314591205393e-01,7.654271197976991736e-01
1.106138563730743041e-01,7.346892780849018090e-01,9.690428526159822198e-02
9.642186717383444128e-01,3.083601264212575410e-01,3.746204146856349504e-01
8.485162214867706387e-01,7.931922901632320055e-01,-1.120445576806317067e+00
3.378195201034108752e-01,1.026619415313958505e-01,5.856716813124692722e-01
6.385095120214531184e-01,3.328198092876012426e-01,1.312471771235779183e-03
1.582614944671643098e-01,5.033504261703691807e-02,8.038326110209124131e-01
4.739771326857071809e-01,7.882211800632513699e-01,-2.431343582543001869e-01
7.617892697439281324e-01,9.890261892027747415e-01,-6.167242228802645165e-01
1.923346090289537180e-01,7.687366530548067622e-01,2.574468169983293864e-01
2.577472227250454662e-01,4.569277672268394763e-01,8.842347166102682010e-01
5.764523972524371320e-02,2.050615857312643175e-02,3.668405006043887751e-01
9.320290409129372566e-02,8.710159490162397988e-01,4.033513563117951950e-02
6.774501229612078790e-01,8.908589810324225589e-01,-5.205463736504207795e-01
1.368089947982611410e-01,4.544443151167036898e-01,5.856547815964828763e-01
9.526033049040791845e-01,4.824541403132018846e-01,-8.510227247250400084e-02
4.664594787679067212e-01,6.101988277034938735e-01,2.266895525815923462e-02
3.708462673182655323e-01,7.898935901725222530e-01,-3.926138586984343481e-01
1.546164169871946381e-01,4.794085334256468212e-01,4.954681039413661447e-01
8.355501359290639085e-01,9.245146274826445687e-01,-7.261630988400901154e-01
5.650410983439295709e-01,1.298784082055969291e-01,2.733737189828384651e-01
4.497036096004241035e-01,2.164168394774863557e-01,8.482331947311381182e-01
5.136721261993110188e-01,7.001380266348568027e-01,-6.880342497726487094e-01
6.653326708944725665e-01,4.212777797426890958e-01,-2.557851719044457184e-02
2.859248857191654114e-02,1.373439958843480913e-02,1.356171838987250688e-01
8.110130157027882758e-01,9.231071042877170285e-02,-3.268498145330200888e-03
8.673903860811488231e-01,8.004335742696261358e-01,-6.229945256046371949e-01
6.066431226131413501e-01,1.361887954981685356e-01,2.026535772289350668e-02
2.896916176650309316e-01,2.393771609394343969e-01,1.093633709370827267e+00
9.961878451141017443e-01,5.950251237578808583e-01,-4.629190281945204655e-01
4.574688388767753633e-01,5.003880015124096969e-01,3.986740263907764259e-01
2.473573728787668013e-01,9.531808756102223557e-01,5.818672315561401742e-01
1.530259175704923313e-01,7.112797182245941263e-01,-6.373852424696946350e-02
4.398371740839366328e-01,6.594123245359408969e-01,-4.964361652656705814e-01
4.588514637701405219e-01,6.372377761989121980e-01,-7.726500559249721567e-02
9.760797803892775626e-01,8.810518346699979242e-01,-6.948824349141866641e-01
6.553159573001139382e-01,8.536951627219070415e-01,-9.585994296853421748e-01
2.954423114255133598e-01,3.958019195267219459e-01,5.512957565495362200e-01
2.654918192850338476e-01,7.623604613081668147e-01,-9.932955039285096266e-02
6.840259156812326102e-01,2.995172923227326089e-01,-1.078963370118708187e-01
5.653523045412871539e-01,1.886015513967372881e-01,5.094845939090999476e-01
7.816151302531577638e-01,6.418097218583125319e-01,-7.430525834586760858e-01
8.098628382811166038e-01,4.755510223639682899e-01,-2.262777075113099334e-01
4.911360881656812172e-01,8.059423782616722542e-01,-1.895218199975364226e-01
4.504962978450247624e-01,4.063518598215221100e-02,4.311448785146178575e-01
8.505199638296896403e-01,4.603152078677112957e-01,-6.644650292983400597e-02
9.891767807382040312e-01,2.878598695395617746e-01,6.258498959958216368e-01
1.262480493302797768e-01,6.585792597352905231e-01,-2.013815527903562164e-01
6.084148456939658667e-01,8.186871404072501024e-01,-1.052052806766428095e+00
4.716799216900746661e-02,9.989282020418186470e-01,2.853813056948695248e-01
4.448022812331248188e-01,7.461536015199189409e-01,-5.306461267017473782e-01
3.252033364278767991e-01,4.068974653744907855e-01,9.711241660061362690e-01
4.875083126351392737e-01,3.935434557226836771e-01,5.140229906853188702e-01
3.172648274765044185e-02,5.005058095375866101e-01,3.773096597952939057e-01
6.602800887670532415e-01,9.588853734503207660e-01,-5.165143955243294283e-01
4.974133790818671130e-01,3.866158559480860069e-01,1.823292805777660675e-01
6.162313182229844921e-01,8.780658617378932496e-01,-6.244003682110108588e-01
1.849141304030821331e-02,1.259870174497442763e-01,6.880962368141476659e-01
1.857819201825372524e-01,7.550361004633638906e-01,-2.892928800775328435e-01
4.459080339899524903e-01,6.458717232194752800e-01,-4.527338955416725375e-01
6.363182049648221650e-01,5.321610832986919393e-01,-3.001926370439866876e-01
2.629852165300389233e-01,7.364619005511833238e-01,-2.381641866937828089e-02
9.755151820395591145e-01,8.462001079722868413e-01,-2.623167165549405988e-01
4.184527969622862109e-01,7.622783606131816603e-01,6.790982703102077522e-04
3.961193879184988775e-01,5.394368270376247443e-01,-1.583372071173438922e-02
4.215948141049754572e-01,8.405110141332972074e-01,-2.267858985265602534e-01
4.149170354935888261e-01,7.028677115211902082e-01,-1.282347652203691402e-02
9.195140541805211232e-01,9.188297554527287136e-01,-6.282005761284732426e-01
4.598051266003599924e-02,8.205287621025695310e-01,-5.565799300614757694e-01
9.852566222133818385e-03,5.037082540842652278e-01,-9.705902723361004014e-02
7.153014330436782142e-01,1.028167539675090003e-01,-3.691528518877674192e-01
1.520636097706026257e-01,7.805144507612177263e-01,-3.402877524856591229e-01
4.027098203294532386e-01,2.922974863413526636e-01,7.361869338598802104e-01
3.417757788343914749e-01,3.928103880614142174e-02,4.463663923599170413e-01
4.845495860012882794e-02,1.402482449115712848e-01,7.776630991128588022e-01
4.538457726553490890e-02,7.871769255567468981e-01,-2.239873489365974968e-01
4.259281080383133800e-01,7.719281922812750718e-01,-4.315994307322613688e-01
2.204911130992061041e-01,7.659597300646650009e-01,7.076675164473911206e-02
1.741154059972054302e-01,4.134204984217538792e-01,5.822764172012301342e-01
7.439775580769492080e-02,5.488108098895505549e-02,4.641192143264047942e-01
1.371251189523203795e-02,1.423137080121440468e-01,3.904768857934802218e-01
6.540357724887071456e-01,7.007509828134914631e-01,-1.015486015903587669e+00
1.991480989904232946e-01,4.523533917836487506e-01,6.062091373940790007e-01
9.423909175422063855e-01,6.306474837825236657e-01,-5.410990532437917055e-01
4.997717957113080312e-01,1.623729376601255048e-01,6.119865177745997809e-01
2.982465810219669944e-02,2.855966758481454093e-02,4.661990595155863781e-01
5.979115190193535767e-01,6.664146779472663873e-01,-6.118453965937487027e-01
2.645718659653141236e-01,5.831285329634688930e-01,2.159188961357901282e-01
6.498493446652848782e-01,9.140484760048361856e-03,-6.456746121216151435e-01
9.915468819721183769e-01,5.923722849974898397e-01,-4.000939854840985244e-01
8.137023273278776170e-01,9.049830542740219252e-01,-9.625227789226749042e-01
9.145008809007648676e-02,7.274878071752656217e-01,-3.077541592350398481e-01
2.069088457776609991e-01,9.545761463786065493e-01,2.683319879754961779e-01
2.844345405263423165e-01,4.950367208079640147e-01,4.703974023897080636e-01
1.143426923242916171e-01,9.201307128811008207e-01,5.196262951721919432e-02
8.842982951124271906e-01,1.956580776319984949e-01,1.489552289056700896e-01
4.057234391464445977e-01,2.157993560086812757e-02,5.687835751833854037e-01
5.814993383371449553e-01,7.756271561289518335e-02,9.482028483162524557e-02
9.738803414776817657e-01,1.804210798712481134e-01,5.095870040836825154e-01
2.249807722848206071e-01,4.949606051344263014e-01,6.897404359427834475e-01
8.612060098602025704e-02,5.304869355950595500e-01,3.755392203580812938e-01
3.900065377419227319e-01,8.883578537644354345e-01,8.203303418487251086e-02
3.073462503031818560e-01,3.550147563673676787e-01,9.227024532381423727e-01
6.513931381736405291e-01,7.978079729208298332e-01,-5.874583675515181458e-01
6.254024986696188337e-01,7.478780279536570985e-01,-1.141085595292127497e+00
7.633438745263412262e-01,3.568885213632111419e-02,-6.132411934856580871e-01
2.118315209851785452e-01,8.935681566079370919e-01,3.196380536907819092e-01
4.364176426918182639e-01,4.906352164003480176e-01,3.001334837319783455e-01
5.424031400323460206e-01,8.313494345943995834e-01,-6.163282960278214651e-01
4.421590935822319324e-01,6.781294752931028569e-01,-3.459685942892967159e-01
6.140254179032329507e-01,5.970525327156829265e-01,-3.625631437022786563e-01
8.038385773231782050e-01,4.503189207550424289e-01,-4.893144549261447818e-01
3.161832879885082548e-01,8.174582067060285340e-01,1.597952762007365801e-01
4.771168425063398999e-01,2.156727625746757138e-02,3.243785433346194624e-01
1.196641520736119180e-01,1.786066859530366369e-01,1.016519895702453047e+00
9.454236980934657142e-01,9.703721242673443159e-01,-2.826879142564049929e-01
2.928775513761683325e-02,3.606710268557282717e-01,4.879462559647217978e-01
6.784007130362723625e-01,1.057680534936041861e-01,1.968803647613248664e-02
4.353112404116428191e-01,2.132245267612851158e-01,8.709258269428217236e-01
6.055740623404066714e-01,9.987722937880806340e-01,-2.767421918783960488e-01
9.150611125554439784e-01,2.392744675723946779e-01,2.603412383320777290e-01
2.599902821950108578e-01,5.273001290392584917e-01,6.402421116119346722e-01
8.308310640646854317e-03,5.302647259037378547e-01,-3.134594196362495699e-01
9.075951978944718501e-01,7.618616987425096410e-01,-5.997704832269272757e-01
8.632121413045544811e-01,4.291810651243133101e-01,-9.698356010281430906e-02
9.708997055177078783e-01,8.414457862381412578e-01,-4.765696113240341925e-01
8.861917126563814140e-01,2.920399924079520870e-01,3.886110982625858301e-01
5.202435807407976842e-01,7.185102761278731043e-01,-7.826522876304673471e-01
9.832760594581196889e-01,6.274145782632194468e-01,-6.821811853586002838e-01
8.042829778356299641e-01,6.384277375784416231e-01,-7.642251227093748156e-01
1.217011642401880644e-01,4.247826507803855733e-01,8.502834356846256103e-01
3.790379484320240966e-01,5.882537234819127381e-01,1.499330083778275258e-01
9.640402202892797145e-01,8.654828372519380864e-01,-5.100153135069844801e-01
1.888452182136020063e-01,7.644138381451671682e-01,7.440576692730715980e-02
2.615188195619322364e-01,9.581688182249404884e-01,2.189311706267847712e-01
9.635157666693949796e-02,7.696901987953208568e-02,5.637097607693499768e-01
9.819812175239426288e-01,4.154504869432492642e-01,-2.414733068188346099e-02
4.030156485817729672e-01,1.423558165321026081e-03,2.305160292149721069e-01
7.427737782178035486e-01,1.568059131445290744e-01,1.611881340273491059e-02
4.989968308944711106e-01,8.189927939253562883e-01,-5.375010134150460805e-01
8.310703774458916282e-02,5.339012651471007898e-01,2.752620652664089507e-01
9.360120772927869037e-01,4.371728021758012339e-01,-4.048982362898467802e-03
6.021481430848742988e-01,1.555929187903449806e-01,9.123302782197889593e-02
9.259074161618546794e-01,9.332666617029661271e-02,-1.803435490910376693e-02
9.225744282661120232e-01,9.915026494959658931e-01,-8.167865899165943633e-02
6.896504584280102046e-01,4.610477884430326245e-01,-1.415649120427730501e-01
4.441767903321682809e-01,5.102137241994511019e-01,3.589086808907290815e-02
5.591747004768277129e-03,1.907848316809699352e-01,2.849637492368502500e-01
2.613483377247383110e-01,3.442841777345019283e-01,8.980114384360269320e-01
5.754638059864424227e-01,9.619101551949676976e-01,-6.312815826474327263e-01
5.966820730988665611e-01,6.590310244268750006e-01,-5.828702524471246482e-01
8.992555052655399894e-01,1.706225964972354348e-01,-1.066918978898168668e-01
6.392845762749413963e-01,2.670162109343050538e-01,2.713822484364156185e-01
3.299519999391393732e-01,2.669410177735186407e-01,8.378851880915029193e-01
6.608989949174703948e-01,9.065985249478354380e-01,-5.664019113844475095e-01
3.319219246729716577e-01,8.804159202481659507e-01,7.442111652393884613e-02
1.463980329721720208e-01,7.668590829763134442e-01,-4.179469239480099185e-02
9.471879685524688952e-01,8.887982121573820837e-01,-5.559315097049223331e-01
7.597153562492362511e-01,2.894041770360910037e-01,-1.223848373598057371e-01
8.604249136064193726e-01,1.709703155739541458e-01,2.516487781826031722e-01
1.329907475812937001e-01,8.476457493705352730e-01,-5.049969034878537544e-02
4.512912221576262928e-01,3.983976710523031706e-01,2.545566717601508433e-01
8.910900588780590326e-01,7.944759983894150723e-01,-8.803519371918672176e-01
5.393643826548659703e-01,7.019582546687783697e-01,-6.459830056466399073e-01
2.067698472923945596e-01,1.747188137839325028e-01,7.839302663797982351e-01
7.508939562054307570e-01,3.862635589640939227e-02,-4.157521093696774361e-01
1.471716511019609541e-01,7.107803430436911984e-01,-9.437109846125335544e-02
8.461154012222238396e-01,5.024057472975163030e-02,-3.958442464723465060e-01
9.728036935942920849e-01,5.014495876352579318e-01,-3.456502292418852651e-01
2.387070006585395587e-01,3.873613067213036443e-01,6.841533009328176762e-01
6.285851694633943776e-01,6.649925880042180104e-01,-8.111919239942189108e-01
3.544997307176960266e-01,2.186277198685401268e-01,7.752347195056360496e-01
4.305667904831723680e-01,1.614046710354757330e-01,8.078593624251053651e-01
4.487854384459377677e-01,1.396523107009890463e-01,8.166044302772843544e-01
6.763076243219721118e-01,6.870076215137639331e-01,-1.065741089787771712e+00
7.410947294359471194e-01,1.000548117867555709e-01,-8.509598915149985121e-02
4.507407805553875768e-02,6.693363838027284185e-01,-5.694283153463930436e-02
1.883038292591755480e-01,9.315687033851960397e-01,3.394237643400190296e-01
1.619252780731745833e-01,6.471086001853317837e-01,1.001920328446226915e-01
1.510905110453929501e-01,1.142867858805991510e-01,5.002678877736974616e-01
8.292361934573629911e-01,7.598947085517380184e-01,-1.103612242058658488e+00
5.602384979808416876e-01,6.520854495000190099e-01,-3.015881479752476335e-01
6.648110105173885565e-01,2.822389002849959860e-01,3.358756167428044725e-01
6.082257927878677028e-01,6.027804707322375055e-01,-7.863508075610365911e-01
1.829960586384832277e-01,6.928001910171484035e-01,-1.186870072356895345e-01
1.923704889755534220e-01,9.481446306932131973e-01,4.333718830261713006e-01
7.792588584939770247e-01,3.217728442391359911e-01,1.611271009248588792e-01
6.404603679688483098e-01,5.403616650629365914e-01,-5.514831946943750118e-01
2.527427357660591012e-01,5.263254790908893366e-01,6.074607431082328368e-01
2.598192845842434151e-01,5.255310863396095433e-01,2.356327971742663008e-01
8.862893725956355606e-01,4.946162035397964063e-01,-3.730315374512125359e-01
9.581703193224896387e-01,5.416519595112179175e-01,-4.359806024055142282e-01
9.749192855715098638e-01,6.275003947604762544e-02,3.800265878508126138e-01
4.987510770007990146e-01,7.275397441181485902e-01,-6.897877429654795112e-01
5.674443080714774990e-02,8.965362604960134263e-01,-1.138570955260607698e-01
1.781100800485008184e-01,9.603148230199051172e-01,4.265288753779642450e-01
1.876179476126075274e-01,5.060560381740913938e-01,4.667806853086383101e-01
7.216961396584344879e-01,1.094926663125318500e-01,-1.021600099969833808e-01
1.967899310385908818e-01,8.918684837393268117e-01,1.320886942045051415e-01
4.150690438335629118e-01,8.965674141227019112e-01,-7.744796208084359090e-02
4.153708217402379832e-01,1.755826847123932444e-01,9.576366868207577543e-01
1.590228065038560290e-01,7.200982568875980983e-01,1.799954969169046404e-01
8.894114229617072764e-01,1.695306823731164148e-01,1.978995652393153448e-01
6.472530281585007206e-01,6.252608585196210988e-01,-8.292966664968927093e-01
1.730783549057154369e-01,3.845892524765270881e-01,8.015929681712936627e-01
1.320240534117471665e-01,5.031134908769552272e-01,6.375031673709968816e-02
2.048352403819705403e-01,8.508454433960359609e-01,1.599089210868050448e-01
6.582464762205879616e-01,1.992177378393168441e-01,1.021640075435926165e-01
5.307988264461072081e-01,1.964088420023986092e-01,1.672316502184248432e-01
5.791111972959568366e-01,4.686217742584919410e-02,-2.826231842609323586e-01
6.289606561411470453e-01,9.862203569135011838e-01,-3.489161696691638337e-01
9.905882130122164453e-01,8.350575901099734910e-01,-6.143961549684561207e-01
9.898121990888897326e-01,6.963723699581143567e-01,-4.822372838981816012e-01
4.043291276061967698e-01,3.515258045628908423e-01,6.756294647463743086e-01
6.948377857372479705e-01,2.616687761076705865e-01,5.072839859776029359e-02
1.074244968439042047e-01,3.073770871755114875e-01,8.060618272129328465e-01
5.111280393646394637e-01,2.567599138871365927e-01,3.168777689274537845e-01
6.260452691994295993e-01,2.108224427180046545e-01,4.141556221367159174e-01
8.760641358198143491e-01,8.812204053827535910e-01,-7.982129100128380061e-01
5.136753015398243249e-01,6.849114069738717614e-01,-3.554272759262214199e-01
5.945720829758149861e-02,1.208918701829453379e-01,3.642133358364674223e-01
2.454956875387861448e-01,2.637517340149233558e-01,1.112887683583902998e+00
6.310279444003114024e-01,5.499606536429286763e-01,-6.197218717162685797e-01
6.405250189368383307e-01,2.603815425419374607e-01,-1.314805236791999343e-01
8.109194521400199251e-01,6.821612292751109141e-01,-8.099093269534251016e-01
8.363577191812842093e-01,2.136225111580504210e-01,-6.356632064627035228e-02
3.651305009083971598e-01,3.869090739647875754e-01,5.757109611682581507e-01
8.178672345076881678e-01,1.428774219432866754e-01,8.121719484689976509e-02
6.057370336295795354e-01,7.242154358876823350e-01,-5.900736978356231344e-01
6.673141377749420844e-01,5.566764304360982685e-02,-6.620350593596729949e-02
1.082190447300386271e-01,3.624152260504972523e-01,8.726560544587507184e-01
2.009032955439948864e-02,4.162582564236857463e-01,3.062230605612245027e-01
8.316621251519046298e-01,1.402368203336908925e-01,1.534888443713489647e-01
4.556886266157178511e-01,7.568037800073164068e-01,-2.426296826896734427e-01
5.211916923584041239e-01,7.374440704155025283e-01,-3.291075238600444375e-01
3.170114020007337441e-01,6.974144462521527643e-01,9.676661589914131723e-02
8.324260845203294013e-01,8.925433949880378082e-01,-7.330486041623027749e-01
9.349681119551778163e-02,1.526096268384417032e-01,7.640186482938884360e-01
6.497594504434719420e-01,7.814472232126222773e-01,-1.087951204032571839e+00
9.921864340785091496e-02,7.112145398655862483e-01,-4.628468976019554093e-01
5.920951304026805806e-01,5.125103739743034348e-01,-1.465346784745111264e-01
9.566250563737989099e-01,2.366426237263241639e-02,-2.391679971042774688e-01
1.687925438783665077e-01,7.905282920390139800e-01,1.458989708388301332e-01
4.815480644751901629e-01,5.367855218363060121e-02,2.508358575041590988e-01
3.056372131970012118e-01,3.704444949747157656e-01,8.530110002435020711e-01
8.039678313124576370e-01,6.791120747176822015e-01,-1.080619211636669075e+00
5.447740620711087889e-01,3.455882034257242719e-01,6.735856331180284373e-02
1.163085875535161406e-01,5.725096802147029429e-01,3.573644930797985619e-01
8.523901444674177874e-01,6.359294566109907620e-02,2.946681435776793423e-02
2.028525723186790364e-01,1.478172119434898457e-01,1.094484403244292192e+00
6.230601591993124577e-01,9.319292206695134473e-01,-8.505978645570511087e-01
4.549286896171989003e-01,8.359877216726415705e-01,-3.577708382767106343e-01
8.311541183390613874e-03,2.289378405750459589e-01,3.182175987514117010e-01
4.322928716123809467e-01,6.949399355269507694e-01,-4.215245374944671664e-01
5.867257801463062750e-01,3.066673060842128873e-02,-4.092781349351216624e-01
1.091259258252977871e-01,7.491006070889761892e-01,9.210613967792935508e-02
9.974335034822007229e-01,9.475680263164598660e-02,5.158127537221650627e-01
7.949178451773013521e-01,2.405092410820705018e-01,-5.613550221771182458e-02
2.354144203107370048e-01,2.775541598805582044e-01,1.025105848787086993e+00
4.684235981095991042e-01,9.874362259704555500e-01,3.142183028775165088e-01
8.991036859648926516e-01,6.652757327426039868e-02,-2.189208927269573057e-01
3.113131673512009590e-01,9.137189477412123173e-01,-2.084724943686616649e-02
8.017331355597617781e-01,3.643095857134048821e-01,1.996466215579732473e-01
3.451734928406492431e-01,5.243705549938431076e-01,4.145422936439928652e-01
7.309551363152217984e-01,2.172008871715558342e-01,-1.233010789677277674e-01
1.674902990064404129e-01,1.127998437987486335e-01,9.114712247375776899e-01
1.493971276773613521e-01,2.410726327537864311e-01,6.444856827963145740e-01
1.120313113443245356e-01,3.544687225064655500e-01,8.425789130430183516e-01
1.351668484374091150e-01,3.047576125579007922e-01,9.848186098908754404e-01
2.514060604270200727e-01,5.883830186763658876e-01,-2.240197610298816366e-02
2.011579376586523082e-01,5.666017139735641805e-01,1.786990156051757872e-01
4.895098467175224011e-01,6.310944870231627313e-01,-2.222571904930716324e-01
6.351183485535094597e-03,9.103666045914327043e-02,3.115820830906361749e-01
5.248580224659221694e-01,6.481088388750155804e-01,-5.949440701126847975e-01
1.749736507015359210e-01,8.737838645245202818e-01,8.960206692462668876e-02
4.138275061061845728e-01,3.705150358816933220e-01,4.731023084202784501e-01
1.083714086834564050e-01,8.029349774581986399e-01,9.953726170367444004e-02
9.076386653390647874e-01,5.327024777125547450e-01,-6.339584390117593005e-01
8.982228875385686040e-01,7.425956187334603609e-01,-6.861730290002081567e-01
2.911731556948425892e-01,4.131110401095356988e-01,9.878539137186963526e-01
5.963595417295564083e-01,4.573350771218834820e-01,-8.255648625300421317e-02
6.098279521366496425e-01,9.174475605856052818e-01,-7.256464972635991995e-01
2.795210567549410996e-02,6.386066637993637052e-01,-5.659636877123935816e-01
4.020108009373756230e-01,1.565118422428469769e-01,8.243409587671055583e-01
4.124491934852292374e-02,8.761222924173849291e-01,-2.192311437888086467e-02
6.695336192420803245e-01,7.860144698391906548e-01,-6.984069020333814048e-01
8.140149071970282924e-01,5.853431576721113139e-02,-2.197214477440407321e-01
6.320226384252178864e-01,8.596443826349521311e-01,-6.687657143084573264e-01
5.580213776754856525e-01,4.947174586675853192e-01,-3.912334090720749336e-01
8.560050891172470422e-01,1.107775478367567512e-02,-3.838385232996438523e-01
4.828623214511990058e-01,1.195315710143618482e-02,3.458075614154123567e-01
9.136298860359931551e-01,8.307662703344969035e-01,-8.937797458376075532e-01
2.872650961105308598e-01,9.222431876930344830e-01,4.168625788008218369e-01
7.122854060949072030e-01,3.927496736944144917e-01,-2.365049560158399289e-01
6.807135412155855825e-01,4.051624344828973490e-01,4.420306345056207453e-02
2.751022748127491813e-01,3.986806975819435772e-01,6.033612869861484374e-01
3.733063360925137353e-02,5.432142306921159403e-01,-2.511556093441206783e-01
3.059718303524030514e-01,2.432106556660328378e-01,8.272135814090135764e-01
8.705357590162696724e-01,7.944441927378771418e-01,-9.457189019316796230e-01
6.061399306960103539e-01,9.980607397494730693e-01,-4.367105692804246209e-01
1.100625353893649461e-01,8.304682448660013483e-01,-5.978665776428754297e-02
5.551620463654335369e-01,7.808791748575569791e-01,-8.412240366675017844e-01
7.031295381099063047e-01,4.042722672218590496e-02,-5.967933550492994232e-01
2.309363228449320404e-01,6.873866110168357357e-01,2.765590220631694018e-01
2.056148914796509519e-01,6.103779391714292402e-01,-6.143160042229167672e-02
9.466087012430817182e-01,2.210391494796706269e-01,2.218611449469327368e-01
1.736898822235779516e-01,4.117892861808437610e-01,4.792933650180280503e-01
2.073357674462333877e-01,3.446450654150117199e-01,6.954857234643694319e-01
8.352444311865825366e-01,1.011622460725070116e-02,-2.050427125154558050e-01
3.963234013429702829e-01,5.930833423655085257e-01,2.599603028404814387e-01
6.270201306710131428e-01,8.595853017647892003e-01,-7.944782302972334120e-01
7.390652082432609404e-01,9.371165469603324194e-01,-9.223856288328704522e-01
9.080171494889716088e-01,5.224910473561171775e-01,-2.041961582438415745e-01
7.125479996444263886e-01,2.931616747394996114e-01,2.193073663076084423e-01
5.558254437495846467e-02,6.480846632647633276e-01,8.116299043957581061e-03
1.694903086952550542e-01,9.063863375784951826e-01,2.432429180679456793e-01
9.092905978156911040e-01,8.173931421365677741e-01,-1.005190728142246970e+00
7.605244703411996321e-01,7.686867023708887636e-02,-4.526462643024540267e-01
4.544063129704664084e-01,1.090811454616360532e-01,3.128666651807781585e-01
3.919530558897682537e-01,3.935913430298135784e-01,7.900734968405748182e-01
7.447052430279846869e-01,1.873192551078772805e-01,1.941443824389396666e-01
7.902308353545151043e-01,2.880607288189456217e-01,-2.409978271527009330e-01
8.806792389517413833e-01,8.114790448400645007e-01,-5.301944370152826824e-01
5.939397298529286440e-01,7.435668916267680340e-01,-9.774488226447272110e-01
1.963359292107469400e-01,1.235887394842846154e-01,1.042528304748894241e+00
5.724769669815592543e-01,3.140027051482688902e-01,2.873718582421284085e-01
8.982113665675395264e-01,2.428269074356448343e-02,-9.042007550308678310e-02
3.413394602032475689e-01,2.085316700158337255e-01,8.995466233638301778e-01
1.532824413981191958e-01,5.745503641686630081e-01,-3.382195524323908242e-02
2.551470516873493022e-01,3.418447431717716034e-01,1.186144444538579812e+00
3.063893663523029609e-01,5.465585749960522044e-02,3.911343760557878246e-01
3.452939264610808134e-01,8.946103933762273863e-01,-1.086403162821680257e-01
1.166788309677813107e-01,3.385748815305321680e-01,8.412149813339548921e-01
7.309145774689540520e-02,7.702487241600637358e-01,-3.398982318770454314e-01
7.299051401906909708e-01,5.828564585443356538e-01,-8.655918455848063964e-01
3.208075917335333482e-01,2.936488728772780332e-01,9.183591591609419069e-01
2.711126848723188765e-02,6.293221458186303297e-01,-2.901760997467094927e-01
8.980242960261646257e-01,4.433244846414035045e-01,-1.617364143699509538e-01
1.881263791095836302e-01,5.247337452039679828e-01,5.036014846627516750e-01
3.987257646938988653e-01,1.721610547202689911e-01,4.473145360842989415e-01
3.364994507603481511e-01,7.782069990428491790e-01,-1.318920094655886555e-01
1.393982287001080955e-01,8.374207251768861493e-01,-7.861660400632580759e-02
1.515496519320721491e-01,2.704142983689936663e-01,1.160119366147464026e+00
3.664466916266183594e-01,2.785231336878166708e-01,7.140683581826221538e-01
3.358066203344081124e-01,5.774849991500133894e-01,7.870268501838778574e-03
1.023892834585824474e-01,6.323690429108286271e-02,2.965504576756091137e-01
5.167456503282091829e-01,1.235623745737430834e-01,4.236024885218214742e-01
4.400245431041038824e-01,7.186007994125881426e-01,-2.351989324998882691e-01
9.089228901659839321e-01,4.672713959797712979e-01,-7.048622332144230396e-02
3.450211816941664011e-01,3.164593162241867708e-01,1.158915795457707842e+00
7.285789086201803766e-01,9.481354691823307146e-02,3.727236458953897547e-03
2.235896601354684377e-01,6.332463131912160481e-01,-5.921071917876824520e-02
3.813409830013281265e-01,7.105582516115170888e-01,-1.383924097344513826e-01
7.827429294474016475e-01,6.994338333921438222e-01,-9.691007775807938263e-01
8.155072229556769026e-01,8.994393565742413443e-01,-9.879776797105651598e-01
4.448550055505301470e-01,3.468902882558588807e-02,4.138988450593316104e-01
8.770830950128321035e-01,1.236363338769341791e-02,-3.230016084476333704e-01
6.841000073389700287e-01,6.450432434312090013e-01,-5.615007976541854795e-01
2.304971570114175972e-01,6.182986754538486451e-01,1.300188965490042259e-01
9.125106980698850512e-01,4.906961165740164610e-02,-3.769628281707174677e-01
5.277548727112812976e-02,8.365074388955051621e-02,1.158679700248901323e-01
5.605825260296511958e-01,6.331134746744814246e-01,-5.375203792494347432e-01
9.075565226005130048e-01,4.246715615941665245e-01,-3.115041771295243844e-01
4.383878854325662378e-01,2.934920629311797979e-01,7.718002625219642088e-01
5.811496433795263483e-01,7.374399031709700791e-01,-8.315784023303229855e-01
7.495396221868280140e-01,8.571200439636901258e-01,-1.031339335670041546e+00
7.640528691420435115e-01,3.443973112662762626e-01,1.275904385226935833e-01
3.250762018211542648e-01,1.522571806926020788e-01,6.460989820663791683e-01
2.671778414472715246e-01,7.880222508630408962e-01,6.600122704254979267e-02
1.310602511937770664e-01,5.863314228204974388e-02,4.601511224404428724e-01
1.814090158250905027e-01,4.186185068267483933e-01,9.507049773336919696e-01
5.494165369612717953e-01,5.771522496863084051e-01,-3.000438167211566531e-01
3.043238763487252641e-01,7.303238720895210978e-01,-2.653855163621668400e-01
3.561306229969579684e-01,9.025471716617813334e-01,-1.499155332463727452e-01
3.656299966926229716e-01,7.163422313834648669e-01,-2.528621797088822509e-01
2.741841631403667545e-01,3.919419237455673555e-01,8.803971020931027347e-01
4.700821955594676194e-01,9.985983393656505669e-01,6.083801254628494470e-02
6.894472599775401944e-01,1.716022216290468139e-01,1.281345540942365746e-01
1.814426440478508207e-01,1.521373655206410547e-01,7.249818530842728759e-01
6.070235272000369386e-01,2.814364765814851843e-01,2.047325908299149622e-02
2.283983448003262806e-01,8.901763389535571891e-01,3.318237766786799603e-02
2.729884163747967607e-01,8.757108773266668589e-01,2.621379425680727127e-01
6.134851612413848576e-01,7.051964162732542452e-01,-5.265200570455459417e-01
5.855472783748487675e-01,2.542717565482730535e-01,1.427047638443446342e-01
1.475467869502571361e-01,9.544116301388662071e-01,3.218085265862569710e-01
6.886050860614529867e-01,2.380114831852500057e-01,1.630137144368455360e-01
2.553811981213018889e-01,2.166365455531303885e-01,6.976420456723139152e-01
1.139777007136724141e-01,6.506215659677125895e-01,-2.195111914416857934e-01
1.735711769758747636e-01,8.970734833587939994e-01,2.940175065165047674e-01
4.564831871233050453e-01,1.789067135626642990e-01,7.489819730809379461e-01
8.757927033008918727e-01,9.788656416895491486e-01,-1.927184348309898265e-01
9.205803427553191920e-01,1.960685060764627563e-01,3.941944008074940164e-01
7.544305203636936241e-02,1.141680440773256144e-01,4.246807513392164557e-01
3.733176012269430188e-01,2.055413913609912546e-01,8.107640691212116835e-01
8.045000864940089480e-01,6.281370952989054901e-01,-1.002091306327831610e+00
8.391665257855350779e-01,8.978809241774025063e-01,-5.709529281928711342e-01
4.337151047463859710e-01,9.896005076186812355e-01,2.555294521132335239e-01
4.111378088147503718e-01,7.178403456146497108e-01,-4.446823719367479777e-01
1.179338551799320456e-01,7.534999064207569264e-01,-1.912985108986776095e-01
3.105118781934040895e-01,3.213098398782457954e-01,9.210121564010049777e-01
3.427530093082762352e-01,1.156110720519051283e-01,9.414844303001396186e-01
4.882881279596138491e-01,2.348379131329825231e-01,2.465798112136607934e-01
5.701674180847324802e-01,8.283189532034308522e-01,-6.018339615739265458e-01
7.894059141198506158e-01,9.345591756926250326e-01,-9.478855329095509097e-01
9.504154278432350722e-01,1.379168167709110548e-02,-2.867964601211123177e-02
1.448540039817569625e-02,5.338692029094540548e-01,-2.891961193722687035e-02
4.911705342071459590e-01,2.399445167313605243e-01,4.578451300668461288e-01
9.969705430674432600e-01,7.999303528100960570e-01,-3.980932783772500594e-01
6.129633151827205140e-01,4.588721664283116342e-01,-4.349459973286553538e-01
1.999102258079435979e-01,7.411714290922266635e-01,2.683444314010451914e-01
9.594342981530735726e-01,4.137790396847930152e-01,1.474016012948621279e-01
7.085183056973844984e-01,4.341221957206893300e-01,-1.208950442241584766e-01
1.415012554887378204e-01,9.779699604459903828e-01,3.883443868857512915e-01
8.924066223786979446e-01,1.172895478307742767e-01,-4.308952131937979213e-02
6.500621053342938716e-01,1.492794131148237335e-01,1.271273781976111628e-01
2.377776043554931107e-01,4.628201166823426860e-01,8.327735106367242235e-01
2.918882239386620947e-01,8.970597271243651027e-01,-4.701670592285545069e-02
4.597292693700513189e-01,5.717968348323276828e-02,2.483338550163021186e-01
1.914160054582657589e-01,7.665133746292256411e-01,1.350015671067504863e-01
6.131735131012838735e-02,2.445299741097703983e-01,9.672577604467533785e-01
6.725863294170072448e-01,4.614574506766755402e-01,-1.798818471672206099e-01
4.329930632663062662e-01,8.565726287313797371e-01,-2.342304282488218148e-01
9.770773074572282058e-01,1.076480567035312808e-01,3.762260525013282897e-01
8.932607067244309196e-01,8.751838012739970862e-01,-4.303279704664726979e-01
3.059765766602811077e-01,7.019307277747468543e-01,-1.102019366902545205e-01
3.184218262698675916e-01,1.897714385121306302e-01,7.464712568636875378e-01
4.074699678309038342e-01,2.359101088972450633e-01,9.197762530696529382e-01
8.457230320288184888e-01,9.538583581773313336e-01,-4.031465832168196761e-01
5.085721073215502264e-01,2.829789376513024424e-01,4.913503119817312914e-01
2.914769955537771517e-01,7.008485041990963893e-01,-9.287864220224481548e-02
9.929762471163997573e-01,7.029689385333428575e-01,-2.226670867858397407e-01
9.261043847700435316e-01,3.387747057802434902e-01,2.681712185885645194e-01
4.590393118926372473e-01,2.173104880002167949e-01,3.690177510330185928e-01
5.999846662037999767e-01,9.394110167848601645e-02,-2.806326106476667581e-01
1.912957020570412725e-01,2.886097738467207074e-01,1.034056682216792256e+00
4.249557498177322090e-01,2.878786044520207366e-01,5.062749823252733483e-01
2.604325634639734766e-01,9.482515630611640933e-01,3.020339155418261812e-01
2.669506079606759341e-01,2.923027411945855469e-01,8.316060387789727670e-01
5.773376980586280016e-01,2.324328962702322254e-01,2.272577325109658708e-01
8.985451928914398589e-01,6.898327978010446726e-01,-5.959924803346019484e-01
3.676835503438726782e-01,2.611085448502807882e-01,1.157088885072695916e+00
5.941349068602926886e-01,4.846644991388859847e-02,-2.177793080570405992e-01
4.449061677095673684e-01,4.147113714620798142e-02,5.151875923873985297e-01
8.992993482455355903e-01,6.806806905478420822e-01,-9.391269839727999225e-01
1.342717094111732790e-01,1.471967706403655152e-01,6.362702198327896408e-01
1.528835040812257517e-01,8.291071093318284069e-01,-7.824835692166021150e-02
7.257210377628691145e-01,5.480512257533575182e-01,-5.939048511005020625e-01
2.370395781536408508e-01,9.255024895798383833e-01,-2.426840196591523169e-02
2.194495011415052987e-01,3.208604315678358354e-01,8.572189621467364296e-01
6.042375379930092771e-01,8.468913881352392314e-01,-6.869148954357232606e-01
3.668991399602008485e-01,1.775630916964731076e-01,6.973242391837695120e-01
7.645053516133204496e-04,3.797584046877985342e-01,5.669390332778939667e-01
9.889988087755223756e-01,5.509327286809426738e-01,-4.499238320541176783e-01
2.959475297261987548e-01,7.338189303485835868e-01,-7.193899097001760223e-02
7.099544987653514383e-01,3.333276633731867555e-01,-1.584458054080894185e-01
1.999539296583042747e-01,2.869760211406198191e-01,1.172423349068974163e+00
3.980602288747996376e-01,7.433550492463252279e-01,-4.359674428692666970e-01
5.661836964280594353e-01,8.785851590463173988e-01,-7.705113549170620191e-01
6.763658049208446377e-01,5.369266104469004874e-01,-5.081973979933898100e-01
5.816928158846154107e-01,6.282373818388257147e-01,-3.772136734520496471e-01
5.995339615673934697e-01,5.830441616746644407e-01,-7.407069486957518212e-01
4.228466503205026150e-01,1.063443401558961110e-01,2.952458529726481040e-01
5.424896353486554634e-01,7.888756169998351053e-01,-6.669340977605873189e-01
8.126264818537758394e-01,4.681835876040795208e-01,-6.440963640323809081e-01
8.198631858918939974e-01,3.998304848064737627e-03,-7.127634423134885377e-01
8.665821358632094240e-01,3.829347860680856197e-01,-1.086815032906129908e-01
4.550523499155386675e-01,4.529218520845633700e-01,3.859516871553705930e-01
9.013032296839885715e-01,6.088263119102514942e-01,-4.968196706043876976e-01
6.444982832055069499e-01,5.295029919773251992e-01,-4.316475739877342344e-01
9.363337134127541761e-01,9.644691355377491560e-01,-1.271707044785623242e-01
7.117795235049200198e-01,6.366496845769544777e-01,-9.428408200979909726e-01
2.985384055444666451e-01,3.112191339507597299e-02,5.783597327964495882e-01
1.115564754673397108e-01,7.639512170360702736e-01,-2.416030881779093753e-01
3.234465363377913016e-01,6.019843558418744855e-01,-3.061093338257903085e-02
3.929693185237642661e-01,4.056805297088627027e-01,7.646182606360204526e-01
5.659759947319283890e-01,8.825027186168945548e-01,-4.109341140654794167e-01
2.365161787103613467e-01,2.266569518593539723e-01,7.271535233754569116e-01
1.602083483292133792e-01,4.818049296123105840e-02,7.481609915262628085e-01
3.202987312269790499e-01,3.999830041973103656e-01,8.843871034685564236e-01
8.964274993359488963e-01,5.395158902275407620e-01,-6.247007151853912754e-01
2.996026996465364078e-01,7.954789176736027922e-01,-6.160406266138779285e-02
8.563244356872612428e-03,1.876874330309356020e-01,7.286059698902871418e-01
4.056518430645351669e-01,4.463769465213380805e-01,2.153692624407205214e-01
6.249179775899633693e-01,7.601949081712116030e-01,-9.923949897975281598e-01
6.058333798287717231e-01,1.004080308047201608e-01,-3.109097561332248572e-01
5.333952606794155615e-01,6.286493731103771632e-01,-7.059698140888903684e-01
9.120277592147737478e-01,1.467849277110178097e-02,-4.758292604646269242e-01
5.040907473796489846e-01,2.208532967864961227e-01,4.811126729993568940e-01
1.641897758974500965e-01,2.747357786219996045e-01,7.802015969304935128e-01
8.813950120976451474e-01,4.143981668362209936e-01,-2.633232661440783606e-01
9.222287407446901897e-01,6.863592715065541805e-01,-4.375011763170191803e-01
1.867484020792853361e-01,3.506773601154411502e-01,5.764887642423572878e-01
6.328775388685203840e-01,5.092417635421720989e-01,-6.055669220808754805e-01
4.406098019796561571e-01,5.530650068052475055e-01,9.937117285284421953e-02
3.107309277420071680e-01,7.763801119731776890e-01,-7.990449056253634552e-02
4.814083945079201676e-01,2.221708681226399751e-01,4.386893706949027694e-01
7.304964219847940310e-01,9.985820227092823131e-01,-3.485604224094404069e-01
1.725398144671095313e-01,6.896465698738729611e-01,1.932897008116750137e-01
8.863981939014786704e-02,8.594026877823220945e-01,1.374547360752821357e-01
2.475538832598183081e-01,1.516850952496853200e-01,8.778754416241743019e-01
4.428603583414217892e-01,2.319065109707914019e-01,6.198870073708730999e-01
6.461022085078531596e-01,1.283817721385585031e-01,2.069438422919069320e-01
1.590454951859388011e-02,4.926950019135424297e-01,1.790612758745648569e-01
8.958430151947992526e-01,7.430256396954643128e-01,-9.172497686443144005e-01
5.157419904393735210e-01,1.289820014757273592e-01,2.707197264139236115e-01
4.971747266097903406e-01,9.234919168750965746e-03,2.236191037085190070e-01
9.730173167260754985e-01,8.085275446278251676e-01,-3.062644849031039285e-01
7.368923742384768660e-01,2.265652553323527219e-01,1.997433670440635911e-01
6.512798897447543700e-01,2.557699083686102437e-01,1.982352848765350783e-02
3.136323169789886345e-01,1.494401066080778273e-01,6.606752694996769204e-01
7.196908361356418871e-01,2.941131304704797111e-01,2.209932545244800983e-01
4.696930023753334016e-01,9.526779230104220897e-01,1.314000839770446682e-01
8.667224931122970988e-01,9.630004798823486034e-01,-6.244341202884036157e-01
1.483526900957765626e-03,1.646155156534645503e-02,1.003392078638341567e-01
9.097570656487365959e-01,5.150443373169766303e-02,-4.066709208619362359e-01
3.108115848694454897e-01,3.056482459761161730e-01,7.977628108884674552e-01
9.074732896744608368e-02,1.717488430871347838e-01,5.945940768282056421e-01
6.808189901048166126e-01,5.977343321231015638e-01,-6.810618297225370377e-01
2.415776857115639054e-01,5.318415456081484471e-01,2.893533648889674570e-01
5.400196829974610591e-01,9.333422944217695250e-02,4.259575930470532734e-01
4.672839581341089454e-01,7.587530060765973472e-01,-6.401142205860210765e-01
7.709367399064807058e-01,2.593672561131210585e-01,2.512166316747858619e-01
6.103829095953156036e-01,2.966336088063953325e-01,4.200517268885862743e-01
4.751807801862626413e-01,4.946070747630112452e-01,3.580664295810407349e-01
4.475062574714147035e-01,7.669166816620326399e-01,-5.659304478886386658e-01
4.194491485633898842e-01,9.685780528826873903e-01,1.157718762124037570e-01
4.417551832415865798e-01,4.860877403918332229e-01,3.776747906992621306e-01
5.050962396448380742e-01,3.435136072673095065e-01,3.895834091683730294e-01
6.929488956569873626e-02,9.648124930238946018e-01,1.722559030049649331e-01
4.933591096455125502e-01,6.164652909436881822e-01,-3.741178574278952729e-02
3.740093802056996264e-01,7.567728328808783766e-01,-3.593830414240334337e-01
5.226183125007004548e-01,5.899159517156626897e-02,-3.711484954052630958e-02
6.853023142935700251e-01,5.059325207044407247e-01,-5.859783415525232630e-01
5.390738958860651353e-01,4.894912144849978830e-01,3.900665717483473016e-03
4.966292114739523367e-02,6.185432360578086985e-01,-3.848953049158335693e-01
3.652565195197665648e-01,1.479380951487185847e-01,6.195266530375905800e-01
5.634593233843594451e-01,5.004273879187715046e-01,-2.220679733321171134e-01
4.297456221596770432e-01,1.407683534491821487e-02,5.361840243850433119e-01
2.434326238080040117e-01,9.417474525831834864e-01,4.642833372556685045e-01
2.080248122526572319e-01,4.067352589600359281e-01,6.108051632868360947e-01
6.881979903217523287e-01,9.442614846778041304e-02,-4.798275398517186652e-01
6.196371937350910741e-01,1.039787729671459715e-02,-3.611052064462560995e-02
7.461237428148427275e-01,4.823287771362311238e-01,-3.858699737825003195e-01
3.494231246142698311e-01,7.174332828826877062e-01,-7.214460419800605706e-02
6.183936920126134051e-01,7.822603873231851468e-01,-8.659347216248729495e-01
5.813565207674475932e-02,4.238261790750674773e-01,5.696370334632524512e-01
2.006028225326542680e-01,7.036587775474619777e-01,1.128949133702061292e-01
4.590921130010876539e-01,4.682577932083257233e-01,2.657621062509317178e-01
1.701476654494765706e-01,6.900860676006970174e-02,7.833059614942627924e-01
2.498427080913081522e-01,2.180497376181064206e-01,1.034839882503091779e+00
1.485100677463401242e-01,6.483698234376700231e-01,-1.493317816944167709e-01
2.496383612579415878e-01,3.674274222799167600e-01,1.125568561574697313e+00
7.986789226612743819e-01,6.145913235402375996e-01,-1.002807378742632149e+00
8.478404065765954289e-01,3.910578774488591147e-01,-1.696617828945545248e-01
4.456878963977798369e-01,3.892920079862484117e-01,4.522569488128541093e-01
4.880464962228345804e-01,5.207422159065533407e-02,3.324817564444077500e-01
4.226172600751265662e-02,2.821762423050292456e-01,8.414419438968021581e-01
9.471699163855961112e-01,7.057104484260915411e-01,-7.240106292319452574e-01
8.272960781690419374e-01,5.110097382763213458e-01,-7.226754221717455184e-01
1.927818075346995341e-01,3.116054315168839128e-01,7.761340865631092267e-01
6.593054146127073079e-01,2.964333051862888535e-01,3.550446514282440402e-02
6.213037914279601059e-01,5.301023983435408926e-01,-2.681091662187128355e-01
4.549930190107929207e-01,6.990142367301268589e-01,-2.931981901752775954e-01
9.508679254377588874e-01,2.521392654334990713e-01,6.183298326125001854e-01
6.798284432604884131e-01,1.869002692016801248e-01,6.118062585432265665e-02
1.550382273020455282e-01,2.422551990188237525e-02,5.114586956094215875e-01
7.732605142064431503e-01,3.580456251271827428e-01,-5.718621899179421320e-02
1.605184165259281315e-01,3.221791499386899016e-01,6.088865923459481078e-01
3.579041430065390550e-01,4.396121943686602807e-01,7.310104865979309974e-01
6.754476493873630139e-01,8.914784195452246651e-01,-1.038908075074407966e+00
7.298334122562355475e-02,5.465111508268446494e-01,-2.945515620781227750e-02
3.836232239651955478e-01,3.059087487141920469e-02,3.090766190084193177e-01
7.087429727474336971e-01,8.167925396546205086e-03,-6.404640338986229420e-01
3.871013986178828414e-02,4.852541929589760938e-01,1.230344978673587053e-01
5.594641808436360275e-01,9.386053153801440230e-01,-6.157430965625833030e-01
9.316199135336792336e-01,2.537030129389938882e-02,-3.628083078025373664e-01
3.095304096372248903e-01,9.721221199557822379e-01,1.673408972034231557e-01
8.582699758576450844e-01,6.912459900964940118e-02,-2.157946203194873458e-01
2.719283381571502289e-01,4.800630345687298961e-01,3.817932443794181951e-01
9.519854906931601857e-02,3.974309968370557389e-01,7.714780327365382551e-01
9.049522513998419226e-01,5.089894689552609819e-01,-3.475755023783247410e-01
6.132360505993350586e-02,3.640806399905969215e-01,2.877713926935790423e-01
5.541542328931371442e-01,5.166607829697714704e-01,-1.771853046430133527e-01
5.175037770298519524e-01,6.374813931719627291e-01,-3.824909427401474993e-01
9.573377514354812767e-01,7.551162931920669674e-01,-4.995269068682094415e-01
3.726049853289519209e-01,9.319446692973991642e-01,-1.006501092622191229e-01
2.178289169752647414e-01,9.719833678867572102e-01,2.436007523514118756e-01
2.893946574133123839e-01,7.083386658045800477e-01,1.696291599275433493e-01
5.725442971934110448e-01,6.174809326171130097e-01,-3.382385308535869606e-01
9.788710236631052997e-01,8.827607485083623917e-01,-2.675771506643614961e-01
9.950483466844013414e-01,6.897589231624741135e-01,-6.312753756240152558e-01
1.696762894079614226e-01,3.981074186988643460e-01,7.737435586390132292e-01
8.409773735917934756e-01,6.306689281418510484e-01,-1.053844387716787789e+00
6.651525650314327187e-01,2.925212574241162766e-01,2.633211190829997661e-01
1.244041312807508959e-01,6.700821850150551207e-01,-1.838885147545382404e-01
7.293024926868367785e-01,1.479211936090335522e-01,9.025283197966188498e-02
4.592237673448432700e-01,8.765739165739840910e-01,-8.121958988474775598e-02
6.097837927883318354e-01,1.135001807061952750e-01,6.499717946960431592e-02
7.273819853926941637e-01,5.468173211570773740e-01,-4.948201359114639541e-01
9.355026167584638008e-01,5.551384551406640666e-01,-2.124033282227499875e-01
1.128024065457773339e-01,2.878245981283178434e-01,8.056684499524658927e-01
2.348965744914339737e-01,7.779347347343775754e-01,-1.485865251697928990e-01
3.866333779690754868e-01,4.407672488482097251e-01,5.373640438381459550e-01
3.315261277692016506e-02,7.131591516761159877e-02,4.352352932181164369e-01
4.355481457197266648e-01,7.850132734238499665e-01,-5.023640316342059542e-01
9.050574234517514416e-01,3.185240269201310426e-01,2.333481203714677377e-01
4.874623193417427780e-01,1.384274934197025075e-01,3.728618791303391911e-01
1.967816257619225961e-02,4.806083690252658247e-01,-6.293055259841678906e-02
5.149046584177072727e-01,3.475094228071619051e-01,4.077859000732196870e-01
7.241949072438229607e-01,1.631874076231240034e-01,-1.062049592589152658e-01
8.293800221613636392e-01,7.375140417711085750e-01,-7.472394449409707207e-01
7.747638084132486558e-01,6.166370884138555608e-01,-9.136627963353827209e-01
5.557732491363088778e-01,6.250218264859414008e-01,-6.191039389005299487e-01
8.996448970650797738e-01,3.554709081461809861e-01,2.964207381645079797e-01
5.646862704557366053e-01,6.238837625222584116e-01,-5.911025048978477692e-01
7.583420303347757629e-01,1.497407970969066859e-01,-3.543815287857299268e-01
6.625987671223624309e-01,6.274538686562274314e-01,-1.065220270178581785e+00
4.880826205747584856e-01,4.043335954648777930e-01,4.641498476093285919e-01
4.322479482813714746e-01,1.647227327807110342e-01,5.326091020024420475e-01
7.804821198448557151e-01,6.834982017735534710e-01,-8.265910851670994486e-01
3.075038046242046796e-01,3.606194643890705542e-01,7.455068154304348438e-01
6.190347934813811293e-02,6.185644352617296615e-01,-2.176517791803052881e-01
2.768396762534279798e-01,2.717574689478741146e-01,9.738081615014317904e-01
1.363309396110948812e-01,8.309943022417126679e-01,-3.088301024191908439e-02
6.516375858909443375e-01,5.896152897336049969e-01,-7.770928438103942293e-01
5.779043597617155026e-01,5.447754476657795664e-03,-2.415991934784580408e-01
8.621982212932074452e-01,8.994904679352806465e-01,-3.899486271231533130e-01
1.177734196881470297e-01,9.848534327879381323e-01,5.700745080354986394e-01
7.296703323164555055e-02,5.724302074374736371e-01,1.646502529545878224e-01
3.065818931518479173e-01,8.379497033941707418e-01,2.998481778101796391e-01
6.346570163432931899e-01,7.800211954195851449e-01,-8.082209590115870812e-01
8.551281538004318339e-02,1.657043990631668073e-02,1.439208328233001488e-01
8.747373109626588317e-02,7.000286500910225529e-01,-2.216348245231608560e-01
9.531419789721623514e-01,5.320770390973111885e-01,-1.633820137293828245e-01
8.932397626589014816e-01,3.187555119649622126e-01,3.184684497586059426e-01
5.553054029820229109e-01,7.756758005138421064e-01,-3.956678883041138683e-01
5.583448312834398131e-01,8.979924763034352608e-02,9.086403735455367281e-02
6.271941326379180115e-01,5.812014048158552493e-01,-7.224192734018086703e-01
3.811441145089928817e-01,8.474511437743696973e-01,-5.291709013989293053e-02
4.096109573650320579e-01,6.156214782036627531e-01,6.247970202796521155e-02
3.128718057948676190e-04,1.989923988836861390e-01,4.479032468635547604e-01
5.228051302885843299e-01,4.968761703999007295e-01,-2.409719834174307018e-01
9.787622815806027443e-01,1.215228197899910212e-01,1.863796117383509365e-02
3.892377270481940377e-01,5.209058576311580424e-01,3.874571108515101336e-01
6.023259032705227112e-01,9.499002681343794441e-01,-4.482220587735312178e-01
9.463666061034706756e-01,5.584935100702469457e-01,-3.224957586454901826e-01
5.617880223699245335e-03,2.777624236622292520e-01,7.534135771908232471e-01
3.288804606537528707e-01,7.619015655566037104e-01,1.613464157002340027e-01
7.037690278141365274e-01,1.857807980016622507e-01,1.205896574858210113e-01
9.476503344201683277e-01,2.016004483435317463e-01,1.496490515866002458e-01
1.243426781003289516e-01,4.481834053505274751e-01,7.062028945020257797e-01
5.966151073149700279e-01,7.947734203523552088e-01,-6.655741300863853294e-01
2.321058588159118363e-01,7.611175341028372232e-01,1.268082389630319495e-01
4.149249160061253550e-01,3.905771587556458035e-01,6.576669661744604101e-01
4.600072933033023670e-01,1.097728405757826264e-01,2.576819061334000294e-01
9.173583589191706134e-01,1.797731865187700562e-01,7.822830484006015883e-02
2.929954335807793964e-01,8.058015614727644937e-01,-1.307699283804820423e-01
1.331270639837759395e-01,4.202571118940724437e-01,5.296002731982767386e-01
4.933674003213612824e-01,6.107977964002782034e-01,-9.438329186529609283e-02
2.471071337364505460e-02,3.264238005172870327e-02,4.584896625134810000e-03
1.120713948283095229e-01,6.048728392946491894e-01,1.178305307724543116e-01
2.959905849296066149e-01,7.045287820421002323e-01,-9.913494354511215301e-02
8.185510347656417274e-01,6.480152279077548982e-01,-7.668720184472533896e-01
3.838426814028333967e-01,9.780698244225184412e-01,1.638556479568965829e-01
6.152860265644968241e-01,2.905485405588517089e-01,-5.088089635862347304e-02
6.184176083258363654e-02,2.411593701813740109e-01,8.676276676897125562e-01
7.704975330741308248e-01,3.565033022360468706e-01,-3.443597456666226408e-01
3.415449960308590827e-01,9.355846959528152373e-01,2.258762933092905989e-03
6.105961566181377087e-01,8.829047759570607390e-03,-3.643553663227070416e-01
5.046555973721681410e-01,4.785084988579292320e-01,-2.971731766843894312e-02
5.084666818709309144e-01,7.653378055286715886e-01,-6.448891336808066921e-01
8.914621190931676376e-01,6.904607662312588490e-01,-9.800074604408435253e-01
2.947361054444491701e-01,8.051903096536513482e-01,-6.355612816046443680e-02
6.963844003171573149e-01,3.135722456234805167e-01,-7.828384393224641080e-03
6.837263056155772345e-01,2.326855797122736602e-01,-9.026226600832817915e-02
6.910654871349667383e-01,6.842549678423612836e-01,-8.347596461110893262e-01
8.963327958854740984e-01,2.360366590904461326e-01,1.126980898368554473e-01
5.424442347651270424e-01,6.803827763001547568e-01,-3.479276388096095851e-01
8.351621484596462031e-01,7.736695606860177765e-02,-8.142730714214932441e-02
4.199622529890952860e-01,9.434604447720045250e-01,2.545643002110647979e-02
3.988804034762729600e-01,3.551004587736202867e-01,4.437924787765410439e-01
5.298809613447617028e-01,4.162364955347384043e-01,4.893383676340268273e-02
5.733467937580625229e-01,2.432043153710605754e-01,2.436165507394901231e-01
3.057364919682137305e-01,6.440001741376623068e-01,1.947832919987556588e-01
5.551767123636486279e-01,8.826195071924104463e-01,-2.807125447128320794e-01
6.589940653676821247e-01,4.881824421836483685e-01,-4.357616116766810377e-01
2.392932725086885926e-01,1.253689089965999148e-01,8.330725583166080916e-01
6.920560736656800049e-02,4.620192607290096731e-01,4.405923237525005143e-01
2.208825730141518173e-01,5.400375923888947050e-01,2.297012079970964515e-01
7.878852465553913831e-01,3.692084455412782962e-01,-1.367814351335024936e-01
1.592826626553458524e-01,2.124694945889407105e-01,8.701723039769132528e-01
6.304092913696190958e-02,4.861113923002211568e-01,1.963334085824983144e-02
6.151003095420075617e-01,9.466632804759933517e-02,2.007690865157480409e-01
1.471584718788943036e-03,1.462423498970386593e-01,6.690980882630599424e-01
2.691461876920474561e-01,2.245800017117638436e-01,8.816047036330573183e-01
4.338815853006273704e-01,6.160787293406015941e-01,-2.513841298969318738e-01
3.843858751460108580e-01,9.691885400262129080e-01,3.999249291283596963e-01
5.344360921718493973e-02,4.450275240767210816e-01,3.240464598528058904e-01
2.250987223873643917e-01,4.548961528361407103e-01,7.420895572185486344e-01
4.989670978508341515e-01,1.932445121211145977e-01,3.758286332886634495e-01
3.482392236248602613e-01,5.412612304108478378e-01,3.629047239644880296e-01
2.658009464183870296e-01,7.769390630734857028e-01,2.634985379965099073e-02
3.602381554723389501e-01,4.717918596905001927e-02,5.667321910775404703e-01
6.574571283126302568e-01,8.645509188706854697e-01,-8.445309096687374506e-01
7.893746516623023624e-01,4.219020715889713058e-01,-2.673464756960761690e-01
9.018613398266654979e-01,9.626186004218106884e-02,-1.126837378581525828e-01
2.249162917338399792e-01,1.336329929807705819e-01,1.095449438961263233e+00
1.075114779664309017e-01,4.595632732813792476e-01,5.093580312756158524e-01
2.832534015367605962e-01,1.624257987620604249e-01,6.956802725375403895e-01
9.767274769981418858e-01,6.689208841695759578e-02,3.816415797311362712e-01
5.625913869328679207e-01,9.953349775963847845e-01,-1.014049850428787591e-01
2.403562550819065002e-01,8.902421768333955709e-01,1.467821285416743837e-01
2.636833112761611808e-01,6.176575687740262222e-01,1.161567466256441250e-01
4.764693688172171315e-01,2.375156262685031994e-01,7.995611169690641784e-01
7.159693467560590552e-01,8.662724454486436798e-02,-4.947710406025676022e-01
8.883827150439582709e-01,1.180423497452133264e-01,1.721011454960738041e-01
7.575680042204000486e-01,6.971456442660127761e-01,-1.050619732650950544e+00
1.500607996363398922e-01,2.659092214564174883e-01,7.815215273649365191e-01
8.146295040791331488e-01,2.179692328258480138e-01,-1.391709462651486151e-01
2.702748196418085502e-01,1.749552896502890587e-01,9.818020403825171716e-01
5.156859174009527091e-01,2.439206001592202355e-01,2.599322722091417237e-01
6.960437257891841645e-01,8.662422531505276080e-01,-7.154005030449162028e-01
2.878052619897859543e-01,9.374180554201483329e-01,4.833259306463306704e-01
4.299689738689849161e-02,9.626984125528450509e-01,-1.512087755269276301e-01
3.558972325904656842e-01,5.677330425480865417e-01,4.255271025492946002e-03
2.993206689601871640e-01,6.851976425855043074e-01,8.860322380659146901e-02
6.564277993617438911e-01,4.355263526819030950e-02,-5.461999798676492324e-02
2.182817856019669822e-01,6.546504881685742960e-01,3.717931052794947178e-01
4.426181439946385021e-01,1.856003981114455748e-01,3.862634399760939141e-01
5.487685314352557242e-01,4.739438234664199445e-01,-1.841244683916440916e-01
7.308534229531983284e-01,4.083992208649034339e-01,-2.723301263727981314e-01
2.022206628634011238e-01,1.643512915842043620e-01,6.163416774266419207e-01
2.860684961686545957e-01,5.763468400596545305e-01,4.741275905769996024e-01
9.675080776484065170e-01,5.303489283147795330e-01,6.732342405337382596e-02
7.873177592716109618e-01,7.459420257071660565e-01,-9.751275541929561586e-01
9.540511288261499523e-03,9.985795705298931013e-01,-1.305545170991561643e-01
1.492902487668905653e-01,1.935447689904457036e-01,9.373383104107233521e-01
8.893846007754534488e-01,2.904690661332459678e-01,4.457632465632085927e-02
9.347492986078549393e-01,8.403269527872274658e-01,-6.353465817549412975e-01
2.222282611951353903e-01,4.653695662931006671e-01,6.107913519412702108e-01
6.846568233505355705e-01,6.577548915381462580e-01,-1.126309644139646959e+00
1.329832517518836354e-02,7.346305208705328216e-01,-7.361853886961953197e-01
8.598451578346180124e-01,3.754589194796503770e-01,-2.730749570106556501e-01
4.354122950380563406e-01,5.488713200198886977e-01,6.849195326104987047e-02
3.629300662310683823e-01,9.777202267597794316e-01,3.475418762459093758e-01
9.310257445440131008e-01,2.282405405822001132e-01,7.264604236230143286e-02
3.361902656650556098e-01,3.114408239503516640e-01,1.045015506004963957e+00
7.408197481489590119e-01,1.752506974846883558e-01,-3.424080823872602264e-01
1.083963925168970333e-01,8.345055471960963756e-01,-1.818625510576623305e-01
2.924529832999921419e-01,9.679490050286142511e-01,1.394375727539469978e-01
2.108017034266844725e-01,4.543881945439046666e-01,9.082764288698159660e-01
1.796895921080944314e-01,7.225103506029497691e-01,4.832046203952100605e-02
1.595052826910337007e-02,7.583223601825445082e-01,-1.914962754691830193e-01
8.638313471657943499e-02,4.205977316289386536e-01,3.294406967975067602e-01
9.421509988957565973e-01,5.734212787110781750e-02,2.226235474564772221e-01
5.246351749440664181e-01,6.930934887974060654e-02,3.033311023555508856e-01
3.428233773786887317e-01,6.101127554105428841e-01,1.707638989696937948e-01
9.314777509230834918e-01,1.420980110849781042e-01,4.207087020320035009e-01
8.622336351436669100e-01,5.544799405103510992e-01,-4.513009349761109013e-01
7.790321297703390879e-01,1.025924997131399952e-01,-4.371830464773117098e-01
6.157218841306805190e-01,4.037074794670876265e-01,-1.916896084426961133e-01
6.315919467620220162e-01,6.095428999256575775e-01,-3.996122802916909911e-01
9.153711998391254046e-01,1.453310010433381816e-01,-3.060208746076553687e-02
5.652182909467708960e-01,9.366284616577356115e-01,-4.024129394566064999e-01
7.386172341760610660e-02,3.728709090187781738e-01,5.111156747953782276e-01
4.955457354998981101e-01,5.806917420727244483e-01,-1.111877024830942862e-02
2.969484967550639620e-01,4.368944175551332521e-01,6.598548886394877133e-01
4.608593610587484735e-01,3.242836618944612281e-01,3.967253985919313441e-01
9.797841636245174790e-01,8.867167049010926672e-01,-1.608311927044797085e-01
8.891996278343514692e-01,6.339469228917601340e-01,-8.069563509429873438e-01
7.043950613478111578e-02,1.423950352806482300e-01,6.267634096840655200e-01
3.017671459923535471e-01,6.428741105796953459e-01,9.092502057870738286e-02
2.910357242955702306e-01,3.972879480227874405e-01,7.135139651594075705e-01
3.766207633194906812e-02,2.920466991096237752e-01,5.237963292656814263e-01
7.729381061077583714e-01,3.064083040124311319e-01,-1.300918155443026858e-01
4.163568329956128800e-01,2.022562220293505630e-01,9.814712272277839045e-01
9.402576004564688894e-02,7.985147324344079589e-01,-4.625504756039808263e-01
6.484804147834899446e-02,6.524809599250540604e-01,-1.801261978636779504e-01
3.279362086964332512e-02,8.709061042704079325e-01,2.946488301859728764e-02
7.901566633610433987e-01,9.004579323231576282e-01,-5.842972897780447372e-01
8.598620299386386945e-01,7.794684877604842743e-01,-7.747312946396252009e-01
3.481890664487458098e-01,7.657031987499063330e-01,2.073873228845913852e-01
4.164793900075208777e-01,1.482021850180882394e-01,8.595314862898271180e-01
5.022991621101052795e-01,2.344383899319901765e-02,-1.355426643961430144e-01
7.211508013484076995e-01,1.842238858584588357e-02,-4.368949404183591345e-01
8.899574126412523878e-01,1.676451552478331886e-01,2.806293934499443643e-01
3.826184608593116154e-01,9.994862910954716018e-02,4.816022560010980724e-01
7.815617165831456603e-03,5.077772283523718233e-02,-4.967780430294554961e-02
8.472348037749075633e-01,6.437626997741807688e-02,-2.323701252153744790e-01
9.325373672660889346e-01,2.032740260384278130e-01,1.894506863647768824e-01
3.569056886499968329e-01,8.065220813087552454e-01,1.040641595902792593e-01
9.055001932844507495e-01,1.285664893058959812e-01,1.704983468246590861e-01
5.143321000278681110e-01,7.850800832236974891e-01,-7.916698484808600833e-01
5.548407864491911035e-02,4.207397996967767728e-01,2.334774643476678346e-01
6.348704700558580605e-01,4.109534836723756079e-01,-3.879986245191561212e-01
2.961036527516982542e-01,8.163630809584805359e-01,-1.237206195408163956e-01
6.654786184089649392e-01,4.415451498045291912e-01,2.766184601784804631e-02
4.713061325260918810e-01,7.416115232700387638e-01,-2.694134277010259426e-01
4.566326273544024650e-01,7.805391392704205122e-01,-2.390659340225855800e-01
5.085489823513628105e-01,5.950833993489190732e-02,1.068048350249053424e-01
2.855661107874093441e-01,1.027343294034228638e-01,7.466247992804092570e-01
8.293711751075327765e-01,9.996194345485868160e-01,-2.032515898060984205e-01
3.556287900289401005e-01,2.136693072087715306e-01,7.923983619477149576e-01
3.781436563341491475e-01,4.615555838973764979e-01,7.424190837455613146e-01
1.359117223126716789e-01,9.753575534349389065e-01,4.075398307588701252e-02
9.699666128084583061e-02,1.022420738092033599e-02,3.787655058895905147e-01
9.659710187854230190e-01,6.976014584630488846e-01,-7.747504912078329031e-01
5.028119174797834878e-01,5.067822950460264542e-01,-4.993097306429143678e-02
7.941792966475875737e-01,2.388685463455275659e-03,-5.365196708776710510e-01
1.057132515499729086e-01,6.261635594441439245e-02,4.219005547303107395e-01
3.999142454384743139e-01,2.797357786898831966e-01,5.467359283038395468e-01
5.344525763589103029e-02,2.918848143098451420e-01,4.256178156971619497e-01
9.673602171750061984e-02,2.968177857946321385e-01,5.361333998566044645e-01
3.300025785047940863e-01,1.894464797519579413e-02,6.897508276372148472e-01
1.211919158365205584e-01,7.654699799038561236e-01,-3.318524376568948719e-01
9.435626000240708855e-01,6.820484424204852347e-01,-8.434321585814342770e-01
1.419554506814306727e-01,4.823444945174540921e-01,1.597683905762499745e-01
2.195303902726860601e-01,1.969400870141332360e-01,1.087732057306495470e+00
5.099626620912312003e-01,4.060153801911725591e-01,4.767831181497712567e-01
5.095702272999580451e-01,8.052402470997392925e-01,-3.347657370845875668e-01
6.098434481898098447e-01,9.109663535963574699e-02,-2.837887751800368674e-01
6.637343095454318886e-01,7.850352176552001238e-01,-6.572766991043801355e-01
4.997527733590005905e-01,5.330166968453633469e-01,-3.320986225413357085e-01
8.943352234061099360e-01,9.855235095446631677e-01,-4.237582165626170294e-01
1.977387813234369185e-01,1.323477237240806570e-01,8.558361163186610776e-01
5.164056895493269739e-01,2.001929001074488346e-01,3.923914128081320563e-01
5.966925645582756843e-01,7.698903558667784530e-01,-5.075580413586857631e-01
8.423309752925307592e-01,9.949939094967370501e-01,-2.054497329271807171e-01
